Model,Accuracy,Macro_F1,Macro_Precision,Macro_Recall,model_key,robust_mean_macro_f1,robust_std_macro_f1,train_time_sec,num_params,model_size_mb,inf_time_sec,samples_per_sec,efficiency_f1_per_sec
Logistic Regression,0.5401606425702812,0.47909029127748015,0.4772002515795168,0.48167519473897064,LR,0.4789520973850663,0.02431123042760646,4.462953448999542,1114437,19.110523223876953,0.12784705833352442,3903.1011468267066,3.747370442269154
Linear SVM,0.5341365461847389,0.40589061971089396,0.424306689651001,0.40870116140036217,SVM,0.4219856414800892,0.013989485132537045,1.0090705329985212,110970,1.682220458984375,0.07388146133356106,6754.062399322446,5.493808688820659
Multinomial NB,0.536144578313253,0.23267973856209148,0.178714859437751,0.3333333333333333,NB,0.38077296886413636,0.025747701833262266,0.3279013000010309,20058,0.44051456451416016,0.03448389666664298,14470.522424534856,6.747489532981872
FNN (GloVe mean),0.5642570281124498,0.3370347227646298,0.3855273103393404,0.37919787765293383,FNN,0.37462764587036024,0.011616662924387214,1.529279647000294,26627,0.10157394409179688,0.00046360866690520197,1076338.8081828824,726.9794976763201
BERT,0.5783132530120482,0.5055117807439539,0.5282949095903681,0.49454192382760986,BERT,0.5296616093491056,0.030122232213229294,490.7961654789997,109484547,417.6504020690918,8.301079641666243,60.11266263430737,0.06089711248470655
