model,macro_f1
BERT,0.5453081544839167
LR,0.5226095129941284
SVM,0.4670855017425415
FNN,0.4228111545184716
NB,0.4194250871080139
